{
    "accuracy": 0.7,
    "precision": 0.7222222222222222,
    "recall": 0.9285714285714286,
    "f1 score": 0.8125
}
